"period","value","region","inID"
2000,4386280,"AFG","Number of People of Concern by Origin"
2001,5040559,"AFG","Number of People of Concern by Origin"
2002,3955479,"AFG","Number of People of Concern by Origin"
2003,2428694,"AFG","Number of People of Concern by Origin"
2004,2618398,"AFG","Number of People of Concern by Origin"
2005,2339733,"AFG","Number of People of Concern by Origin"
2006,2262621,"AFG","Number of People of Concern by Origin"
2007,2088140,"AFG","Number of People of Concern by Origin"
2008,3095531,"AFG","Number of People of Concern by Origin"
2009,3223369,"AFG","Number of People of Concern by Origin"
2010,4286425,"AFG","Number of People of Concern by Origin"
2011,4181216,"AFG","Number of People of Concern by Origin"
2012,4023752,"AFG","Number of People of Concern by Origin"
2000,628146,"BDI","Number of People of Concern by Origin"
2001,619963,"BDI","Number of People of Concern by Origin"
2002,682455,"BDI","Number of People of Concern by Origin"
2003,542698,"BDI","Number of People of Concern by Origin"
2004,505693,"BDI","Number of People of Concern by Origin"
2005,459962,"BDI","Number of People of Concern by Origin"
2006,417020,"BDI","Number of People of Concern by Origin"
2007,383164,"BDI","Number of People of Concern by Origin"
2008,388378,"BDI","Number of People of Concern by Origin"
2009,199159,"BDI","Number of People of Concern by Origin"
2010,249854,"BDI","Number of People of Concern by Origin"
2011,352580,"BDI","Number of People of Concern by Origin"
2012,328052,"BDI","Number of People of Concern by Origin"
2000,227,"BEN","Number of People of Concern by Origin"
2001,266,"BEN","Number of People of Concern by Origin"
2002,492,"BEN","Number of People of Concern by Origin"
2003,768,"BEN","Number of People of Concern by Origin"
2004,800,"BEN","Number of People of Concern by Origin"
2005,760,"BEN","Number of People of Concern by Origin"
2006,2635,"BEN","Number of People of Concern by Origin"
2007,2538,"BEN","Number of People of Concern by Origin"
2008,1076,"BEN","Number of People of Concern by Origin"
2009,815,"BEN","Number of People of Concern by Origin"
2010,724,"BEN","Number of People of Concern by Origin"
2011,837,"BEN","Number of People of Concern by Origin"
2012,992,"BEN","Number of People of Concern by Origin"
2000,380,"BFA","Number of People of Concern by Origin"
2001,345,"BFA","Number of People of Concern by Origin"
2002,1157,"BFA","Number of People of Concern by Origin"
2003,1026,"BFA","Number of People of Concern by Origin"
2004,695,"BFA","Number of People of Concern by Origin"
2005,825,"BFA","Number of People of Concern by Origin"
2006,586,"BFA","Number of People of Concern by Origin"
2007,838,"BFA","Number of People of Concern by Origin"
2008,1049,"BFA","Number of People of Concern by Origin"
2009,1379,"BFA","Number of People of Concern by Origin"
2010,1659,"BFA","Number of People of Concern by Origin"
2011,1620,"BFA","Number of People of Concern by Origin"
2012,1952,"BFA","Number of People of Concern by Origin"
2000,10049,"BGD","Number of People of Concern by Origin"
2001,9280,"BGD","Number of People of Concern by Origin"
2002,11379,"BGD","Number of People of Concern by Origin"
2003,17076,"BGD","Number of People of Concern by Origin"
2004,15287,"BGD","Number of People of Concern by Origin"
2005,17564,"BGD","Number of People of Concern by Origin"
2006,11825,"BGD","Number of People of Concern by Origin"
2007,17576,"BGD","Number of People of Concern by Origin"
2008,16810,"BGD","Number of People of Concern by Origin"
2009,12260,"BGD","Number of People of Concern by Origin"
2010,16559,"BGD","Number of People of Concern by Origin"
2011,14981,"BGD","Number of People of Concern by Origin"
2012,18289,"BGD","Number of People of Concern by Origin"
2000,300,"BOL","Number of People of Concern by Origin"
2001,319,"BOL","Number of People of Concern by Origin"
2002,706,"BOL","Number of People of Concern by Origin"
2003,751,"BOL","Number of People of Concern by Origin"
2004,670,"BOL","Number of People of Concern by Origin"
2005,624,"BOL","Number of People of Concern by Origin"
2006,803,"BOL","Number of People of Concern by Origin"
2007,851,"BOL","Number of People of Concern by Origin"
2008,615,"BOL","Number of People of Concern by Origin"
2009,738,"BOL","Number of People of Concern by Origin"
2010,730,"BOL","Number of People of Concern by Origin"
2011,745,"BOL","Number of People of Concern by Origin"
2012,741,"BOL","Number of People of Concern by Origin"
2000,11,"BWA","Number of People of Concern by Origin"
2001,9,"BWA","Number of People of Concern by Origin"
2002,1036,"BWA","Number of People of Concern by Origin"
2003,27,"BWA","Number of People of Concern by Origin"
2004,75,"BWA","Number of People of Concern by Origin"
2005,607,"BWA","Number of People of Concern by Origin"
2006,78,"BWA","Number of People of Concern by Origin"
2007,133,"BWA","Number of People of Concern by Origin"
2008,192,"BWA","Number of People of Concern by Origin"
2009,280,"BWA","Number of People of Concern by Origin"
2010,352,"BWA","Number of People of Concern by Origin"
2011,337,"BWA","Number of People of Concern by Origin"
2012,339,"BWA","Number of People of Concern by Origin"
2000,595,"CAF","Number of People of Concern by Origin"
2001,29676,"CAF","Number of People of Concern by Origin"
2002,27354,"CAF","Number of People of Concern by Origin"
2003,36676,"CAF","Number of People of Concern by Origin"
2004,34391,"CAF","Number of People of Concern by Origin"
2005,46900,"CAF","Number of People of Concern by Origin"
2006,233642,"CAF","Number of People of Concern by Origin"
2007,309322,"CAF","Number of People of Concern by Origin"
2008,323356,"CAF","Number of People of Concern by Origin"
2009,357439,"CAF","Number of People of Concern by Origin"
2010,358952,"CAF","Number of People of Concern by Origin"
2011,348062,"CAF","Number of People of Concern by Origin"
2012,254307,"CAF","Number of People of Concern by Origin"
2000,29744,"CIV","Number of People of Concern by Origin"
2001,3776,"CIV","Number of People of Concern by Origin"
2002,147552,"CIV","Number of People of Concern by Origin"
2003,96043,"CIV","Number of People of Concern by Origin"
2004,83283,"CIV","Number of People of Concern by Origin"
2005,95744,"CIV","Number of People of Concern by Origin"
2006,757066,"CIV","Number of People of Concern by Origin"
2007,744653,"CIV","Number of People of Concern by Origin"
2008,737759,"CIV","Number of People of Concern by Origin"
2009,714813,"CIV","Number of People of Concern by Origin"
2010,585861,"CIV","Number of People of Concern by Origin"
2011,768538,"CIV","Number of People of Concern by Origin"
2012,270725,"CIV","Number of People of Concern by Origin"
2000,5844,"CMR","Number of People of Concern by Origin"
2001,7983,"CMR","Number of People of Concern by Origin"
2002,8072,"CMR","Number of People of Concern by Origin"
2003,9724,"CMR","Number of People of Concern by Origin"
2004,11780,"CMR","Number of People of Concern by Origin"
2005,21406,"CMR","Number of People of Concern by Origin"
2006,13813,"CMR","Number of People of Concern by Origin"
2007,14641,"CMR","Number of People of Concern by Origin"
2008,21234,"CMR","Number of People of Concern by Origin"
2009,18081,"CMR","Number of People of Concern by Origin"
2010,17131,"CMR","Number of People of Concern by Origin"
2011,20177,"CMR","Number of People of Concern by Origin"
2012,18786,"CMR","Number of People of Concern by Origin"
2000,0,"COD","Number of People of Concern by Origin"
2001,0,"COD","Number of People of Concern by Origin"
2002,0,"COD","Number of People of Concern by Origin"
2003,0,"COD","Number of People of Concern by Origin"
2004,0,"COD","Number of People of Concern by Origin"
2005,0,"COD","Number of People of Concern by Origin"
2006,0,"COD","Number of People of Concern by Origin"
2007,0,"COD","Number of People of Concern by Origin"
2008,0,"COD","Number of People of Concern by Origin"
2009,0,"COD","Number of People of Concern by Origin"
2010,0,"COD","Number of People of Concern by Origin"
2011,0,"COD","Number of People of Concern by Origin"
2012,0,"COD","Number of People of Concern by Origin"
2000,463956,"COG","Number of People of Concern by Origin"
2001,482880,"COG","Number of People of Concern by Origin"
2002,559153,"COG","Number of People of Concern by Origin"
2003,653164,"COG","Number of People of Concern by Origin"
2004,594757,"COG","Number of People of Concern by Origin"
2005,575018,"COG","Number of People of Concern by Origin"
2006,2084779,"COG","Number of People of Concern by Origin"
2007,2792511,"COG","Number of People of Concern by Origin"
2008,1923884,"COG","Number of People of Concern by Origin"
2009,2657298,"COG","Number of People of Concern by Origin"
2010,2740125,"COG","Number of People of Concern by Origin"
2011,3114035,"COG","Number of People of Concern by Origin"
2012,3629815,"COG","Number of People of Concern by Origin"
2000,539557,"COL","Number of People of Concern by Origin"
2001,753419,"COL","Number of People of Concern by Origin"
2002,1002536,"COL","Number of People of Concern by Origin"
2003,1305127,"COL","Number of People of Concern by Origin"
2004,2068961,"COL","Number of People of Concern by Origin"
2005,2080204,"COL","Number of People of Concern by Origin"
2006,3094725,"COL","Number of People of Concern by Origin"
2007,3113227,"COL","Number of People of Concern by Origin"
2008,3426167,"COL","Number of People of Concern by Origin"
2009,3758067,"COL","Number of People of Concern by Origin"
2010,4127986,"COL","Number of People of Concern by Origin"
2011,4326827,"COL","Number of People of Concern by Origin"
2012,4356236,"COL","Number of People of Concern by Origin"
2000,4905,"DJI","Number of People of Concern by Origin"
2001,799,"DJI","Number of People of Concern by Origin"
2002,2706,"DJI","Number of People of Concern by Origin"
2003,839,"DJI","Number of People of Concern by Origin"
2004,8983,"DJI","Number of People of Concern by Origin"
2005,8390,"DJI","Number of People of Concern by Origin"
2006,1842,"DJI","Number of People of Concern by Origin"
2007,2535,"DJI","Number of People of Concern by Origin"
2008,721,"DJI","Number of People of Concern by Origin"
2009,784,"DJI","Number of People of Concern by Origin"
2010,798,"DJI","Number of People of Concern by Origin"
2011,889,"DJI","Number of People of Concern by Origin"
2012,910,"DJI","Number of People of Concern by Origin"
2000,97,"DOM","Number of People of Concern by Origin"
2001,172,"DOM","Number of People of Concern by Origin"
2002,227,"DOM","Number of People of Concern by Origin"
2003,217,"DOM","Number of People of Concern by Origin"
2004,246,"DOM","Number of People of Concern by Origin"
2005,146,"DOM","Number of People of Concern by Origin"
2006,273,"DOM","Number of People of Concern by Origin"
2007,493,"DOM","Number of People of Concern by Origin"
2008,588,"DOM","Number of People of Concern by Origin"
2009,637,"DOM","Number of People of Concern by Origin"
2010,642,"DOM","Number of People of Concern by Origin"
2011,602,"DOM","Number of People of Concern by Origin"
2012,615,"DOM","Number of People of Concern by Origin"
2000,10367,"DZA","Number of People of Concern by Origin"
2001,11162,"DZA","Number of People of Concern by Origin"
2002,14472,"DZA","Number of People of Concern by Origin"
2003,13590,"DZA","Number of People of Concern by Origin"
2004,12021,"DZA","Number of People of Concern by Origin"
2005,13432,"DZA","Number of People of Concern by Origin"
2006,9897,"DZA","Number of People of Concern by Origin"
2007,11971,"DZA","Number of People of Concern by Origin"
2008,10596,"DZA","Number of People of Concern by Origin"
2009,9731,"DZA","Number of People of Concern by Origin"
2010,8402,"DZA","Number of People of Concern by Origin"
2011,8112,"DZA","Number of People of Concern by Origin"
2012,8028,"DZA","Number of People of Concern by Origin"
2000,5126,"EGY","Number of People of Concern by Origin"
2001,6138,"EGY","Number of People of Concern by Origin"
2002,8465,"EGY","Number of People of Concern by Origin"
2003,7832,"EGY","Number of People of Concern by Origin"
2004,7665,"EGY","Number of People of Concern by Origin"
2005,8727,"EGY","Number of People of Concern by Origin"
2006,10248,"EGY","Number of People of Concern by Origin"
2007,10053,"EGY","Number of People of Concern by Origin"
2008,10785,"EGY","Number of People of Concern by Origin"
2009,11110,"EGY","Number of People of Concern by Origin"
2010,9011,"EGY","Number of People of Concern by Origin"
2011,12332,"EGY","Number of People of Concern by Origin"
2012,15724,"EGY","Number of People of Concern by Origin"
2000,1479439,"ERI","Number of People of Concern by Origin"
2001,336138,"ERI","Number of People of Concern by Origin"
2002,344001,"ERI","Number of People of Concern by Origin"
2003,126952,"ERI","Number of People of Concern by Origin"
2004,133960,"ERI","Number of People of Concern by Origin"
2005,148100,"ERI","Number of People of Concern by Origin"
2006,198824,"ERI","Number of People of Concern by Origin"
2007,220958,"ERI","Number of People of Concern by Origin"
2008,201653,"ERI","Number of People of Concern by Origin"
2009,223562,"ERI","Number of People of Concern by Origin"
2010,236070,"ERI","Number of People of Concern by Origin"
2011,266126,"ERI","Number of People of Concern by Origin"
2012,305850,"ERI","Number of People of Concern by Origin"
2000,129297,"ETH","Number of People of Concern by Origin"
2001,122000,"ETH","Number of People of Concern by Origin"
2002,100005,"ETH","Number of People of Concern by Origin"
2003,82738,"ETH","Number of People of Concern by Origin"
2004,85830,"ETH","Number of People of Concern by Origin"
2005,85806,"ETH","Number of People of Concern by Origin"
2006,96663,"ETH","Number of People of Concern by Origin"
2007,112312,"ETH","Number of People of Concern by Origin"
2008,105755,"ETH","Number of People of Concern by Origin"
2009,112651,"ETH","Number of People of Concern by Origin"
2010,117777,"ETH","Number of People of Concern by Origin"
2011,109634,"ETH","Number of People of Concern by Origin"
2012,121462,"ETH","Number of People of Concern by Origin"
2000,51942,"GIN","Number of People of Concern by Origin"
2001,83675,"GIN","Number of People of Concern by Origin"
2002,48081,"GIN","Number of People of Concern by Origin"
2003,36762,"GIN","Number of People of Concern by Origin"
2004,41898,"GIN","Number of People of Concern by Origin"
2005,38742,"GIN","Number of People of Concern by Origin"
2006,63762,"GIN","Number of People of Concern by Origin"
2007,16561,"GIN","Number of People of Concern by Origin"
2008,11986,"GIN","Number of People of Concern by Origin"
2009,13900,"GIN","Number of People of Concern by Origin"
2010,14884,"GIN","Number of People of Concern by Origin"
2011,17816,"GIN","Number of People of Concern by Origin"
2012,29040,"GIN","Number of People of Concern by Origin"
2000,1035,"GMB","Number of People of Concern by Origin"
2001,3042,"GMB","Number of People of Concern by Origin"
2002,1147,"GMB","Number of People of Concern by Origin"
2003,1235,"GMB","Number of People of Concern by Origin"
2004,1494,"GMB","Number of People of Concern by Origin"
2005,2387,"GMB","Number of People of Concern by Origin"
2006,2324,"GMB","Number of People of Concern by Origin"
2007,2331,"GMB","Number of People of Concern by Origin"
2008,2749,"GMB","Number of People of Concern by Origin"
2009,3318,"GMB","Number of People of Concern by Origin"
2010,3330,"GMB","Number of People of Concern by Origin"
2011,3537,"GMB","Number of People of Concern by Origin"
2012,5099,"GMB","Number of People of Concern by Origin"
2000,1590,"GNB","Number of People of Concern by Origin"
2001,2128,"GNB","Number of People of Concern by Origin"
2002,1287,"GNB","Number of People of Concern by Origin"
2003,1319,"GNB","Number of People of Concern by Origin"
2004,1251,"GNB","Number of People of Concern by Origin"
2005,1300,"GNB","Number of People of Concern by Origin"
2006,1335,"GNB","Number of People of Concern by Origin"
2007,1317,"GNB","Number of People of Concern by Origin"
2008,1344,"GNB","Number of People of Concern by Origin"
2009,1453,"GNB","Number of People of Concern by Origin"
2010,1483,"GNB","Number of People of Concern by Origin"
2011,1625,"GNB","Number of People of Concern by Origin"
2012,2049,"GNB","Number of People of Concern by Origin"
2000,122544,"GTM","Number of People of Concern by Origin"
2001,116419,"GTM","Number of People of Concern by Origin"
2002,110004,"GTM","Number of People of Concern by Origin"
2003,95285,"GTM","Number of People of Concern by Origin"
2004,63020,"GTM","Number of People of Concern by Origin"
2005,35229,"GTM","Number of People of Concern by Origin"
2006,27030,"GTM","Number of People of Concern by Origin"
2007,21159,"GTM","Number of People of Concern by Origin"
2008,16187,"GTM","Number of People of Concern by Origin"
2009,14881,"GTM","Number of People of Concern by Origin"
2010,6708,"GTM","Number of People of Concern by Origin"
2011,7195,"GTM","Number of People of Concern by Origin"
2012,7689,"GTM","Number of People of Concern by Origin"
2000,2090,"HND","Number of People of Concern by Origin"
2001,1939,"HND","Number of People of Concern by Origin"
2002,1922,"HND","Number of People of Concern by Origin"
2003,1809,"HND","Number of People of Concern by Origin"
2004,1751,"HND","Number of People of Concern by Origin"
2005,1762,"HND","Number of People of Concern by Origin"
2006,2393,"HND","Number of People of Concern by Origin"
2007,1909,"HND","Number of People of Concern by Origin"
2008,2060,"HND","Number of People of Concern by Origin"
2009,2167,"HND","Number of People of Concern by Origin"
2010,2118,"HND","Number of People of Concern by Origin"
2011,2813,"HND","Number of People of Concern by Origin"
2012,3402,"HND","Number of People of Concern by Origin"
2000,27306,"HTI","Number of People of Concern by Origin"
2001,29211,"HTI","Number of People of Concern by Origin"
2002,29905,"HTI","Number of People of Concern by Origin"
2003,25904,"HTI","Number of People of Concern by Origin"
2004,25483,"HTI","Number of People of Concern by Origin"
2005,27061,"HTI","Number of People of Concern by Origin"
2006,31377,"HTI","Number of People of Concern by Origin"
2007,32539,"HTI","Number of People of Concern by Origin"
2008,35737,"HTI","Number of People of Concern by Origin"
2009,36007,"HTI","Number of People of Concern by Origin"
2010,33096,"HTI","Number of People of Concern by Origin"
2011,41129,"HTI","Number of People of Concern by Origin"
2012,46745,"HTI","Number of People of Concern by Origin"
2000,60588,"IDN","Number of People of Concern by Origin"
2001,31758,"IDN","Number of People of Concern by Origin"
2002,47115,"IDN","Number of People of Concern by Origin"
2003,23757,"IDN","Number of People of Concern by Origin"
2004,34150,"IDN","Number of People of Concern by Origin"
2005,38899,"IDN","Number of People of Concern by Origin"
2006,38013,"IDN","Number of People of Concern by Origin"
2007,22617,"IDN","Number of People of Concern by Origin"
2008,21598,"IDN","Number of People of Concern by Origin"
2009,20240,"IDN","Number of People of Concern by Origin"
2010,17360,"IDN","Number of People of Concern by Origin"
2011,16452,"IDN","Number of People of Concern by Origin"
2012,16005,"IDN","Number of People of Concern by Origin"
2000,567154,"IRQ","Number of People of Concern by Origin"
2001,565398,"IRQ","Number of People of Concern by Origin"
2002,452948,"IRQ","Number of People of Concern by Origin"
2003,404030,"IRQ","Number of People of Concern by Origin"
2004,343391,"IRQ","Number of People of Concern by Origin"
2005,1692846,"IRQ","Number of People of Concern by Origin"
2006,3482724,"IRQ","Number of People of Concern by Origin"
2007,4729016,"IRQ","Number of People of Concern by Origin"
2008,4780203,"IRQ","Number of People of Concern by Origin"
2009,3534070,"IRQ","Number of People of Concern by Origin"
2010,3358844,"IRQ","Number of People of Concern by Origin"
2011,2985494,"IRQ","Number of People of Concern by Origin"
2012,2120666,"IRQ","Number of People of Concern by Origin"
2000,212,"JAM","Number of People of Concern by Origin"
2001,322,"JAM","Number of People of Concern by Origin"
2002,627,"JAM","Number of People of Concern by Origin"
2003,671,"JAM","Number of People of Concern by Origin"
2004,638,"JAM","Number of People of Concern by Origin"
2005,779,"JAM","Number of People of Concern by Origin"
2006,933,"JAM","Number of People of Concern by Origin"
2007,1010,"JAM","Number of People of Concern by Origin"
2008,1230,"JAM","Number of People of Concern by Origin"
2009,1498,"JAM","Number of People of Concern by Origin"
2010,1619,"JAM","Number of People of Concern by Origin"
2011,1727,"JAM","Number of People of Concern by Origin"
2012,1902,"JAM","Number of People of Concern by Origin"
2000,1520,"JOR","Number of People of Concern by Origin"
2001,1353,"JOR","Number of People of Concern by Origin"
2002,2022,"JOR","Number of People of Concern by Origin"
2003,1900,"JOR","Number of People of Concern by Origin"
2004,2141,"JOR","Number of People of Concern by Origin"
2005,2779,"JOR","Number of People of Concern by Origin"
2006,2552,"JOR","Number of People of Concern by Origin"
2007,2529,"JOR","Number of People of Concern by Origin"
2008,4019,"JOR","Number of People of Concern by Origin"
2009,5371,"JOR","Number of People of Concern by Origin"
2010,2983,"JOR","Number of People of Concern by Origin"
2011,7344,"JOR","Number of People of Concern by Origin"
2012,5735,"JOR","Number of People of Concern by Origin"
2000,4443,"KEN","Number of People of Concern by Origin"
2001,5814,"KEN","Number of People of Concern by Origin"
2002,13735,"KEN","Number of People of Concern by Origin"
2003,14863,"KEN","Number of People of Concern by Origin"
2004,15243,"KEN","Number of People of Concern by Origin"
2005,16565,"KEN","Number of People of Concern by Origin"
2006,8727,"KEN","Number of People of Concern by Origin"
2007,28471,"KEN","Number of People of Concern by Origin"
2008,771778,"KEN","Number of People of Concern by Origin"
2009,417267,"KEN","Number of People of Concern by Origin"
2010,310353,"KEN","Number of People of Concern by Origin"
2011,310381,"KEN","Number of People of Concern by Origin"
2012,422424,"KEN","Number of People of Concern by Origin"
2000,7559,"KGZ","Number of People of Concern by Origin"
2001,2263,"KGZ","Number of People of Concern by Origin"
2002,3683,"KGZ","Number of People of Concern by Origin"
2003,3845,"KGZ","Number of People of Concern by Origin"
2004,3781,"KGZ","Number of People of Concern by Origin"
2005,3497,"KGZ","Number of People of Concern by Origin"
2006,3221,"KGZ","Number of People of Concern by Origin"
2007,2709,"KGZ","Number of People of Concern by Origin"
2008,2942,"KGZ","Number of People of Concern by Origin"
2009,3077,"KGZ","Number of People of Concern by Origin"
2010,284326,"KGZ","Number of People of Concern by Origin"
2011,176724,"KGZ","Number of People of Concern by Origin"
2012,176549,"KGZ","Number of People of Concern by Origin"
2000,37158,"KHM","Number of People of Concern by Origin"
2001,35066,"KHM","Number of People of Concern by Origin"
2002,33919,"KHM","Number of People of Concern by Origin"
2003,31873,"KHM","Number of People of Concern by Origin"
2004,18639,"KHM","Number of People of Concern by Origin"
2005,18842,"KHM","Number of People of Concern by Origin"
2006,18702,"KHM","Number of People of Concern by Origin"
2007,18184,"KHM","Number of People of Concern by Origin"
2008,17786,"KHM","Number of People of Concern by Origin"
2009,17369,"KHM","Number of People of Concern by Origin"
2010,16451,"KHM","Number of People of Concern by Origin"
2011,15412,"KHM","Number of People of Concern by Origin"
2012,14210,"KHM","Number of People of Concern by Origin"
2000,16302,"LAO","Number of People of Concern by Origin"
2001,13594,"LAO","Number of People of Concern by Origin"
2002,12146,"LAO","Number of People of Concern by Origin"
2003,10844,"LAO","Number of People of Concern by Origin"
2004,16585,"LAO","Number of People of Concern by Origin"
2005,24796,"LAO","Number of People of Concern by Origin"
2006,26734,"LAO","Number of People of Concern by Origin"
2007,10181,"LAO","Number of People of Concern by Origin"
2008,8780,"LAO","Number of People of Concern by Origin"
2009,8592,"LAO","Number of People of Concern by Origin"
2010,8485,"LAO","Number of People of Concern by Origin"
2011,8111,"LAO","Number of People of Concern by Origin"
2012,7976,"LAO","Number of People of Concern by Origin"
2000,11760,"LBN","Number of People of Concern by Origin"
2001,10659,"LBN","Number of People of Concern by Origin"
2002,28664,"LBN","Number of People of Concern by Origin"
2003,27092,"LBN","Number of People of Concern by Origin"
2004,23007,"LBN","Number of People of Concern by Origin"
2005,20758,"LBN","Number of People of Concern by Origin"
2006,765505,"LBN","Number of People of Concern by Origin"
2007,215801,"LBN","Number of People of Concern by Origin"
2008,15373,"LBN","Number of People of Concern by Origin"
2009,18353,"LBN","Number of People of Concern by Origin"
2010,17430,"LBN","Number of People of Concern by Origin"
2011,16927,"LBN","Number of People of Concern by Origin"
2012,17538,"LBN","Number of People of Concern by Origin"
2000,402687,"LBR","Number of People of Concern by Origin"
2001,462089,"LBR","Number of People of Concern by Origin"
2002,624717,"LBR","Number of People of Concern by Origin"
2003,910667,"LBR","Number of People of Concern by Origin"
2004,895670,"LBR","Number of People of Concern by Origin"
2005,735709,"LBR","Number of People of Concern by Origin"
2006,403391,"LBR","Number of People of Concern by Origin"
2007,95079,"LBR","Number of People of Concern by Origin"
2008,77614,"LBR","Number of People of Concern by Origin"
2009,73805,"LBR","Number of People of Concern by Origin"
2010,72039,"LBR","Number of People of Concern by Origin"
2011,203843,"LBR","Number of People of Concern by Origin"
2012,97307,"LBR","Number of People of Concern by Origin"
2000,1161,"LBY","Number of People of Concern by Origin"
2001,1362,"LBY","Number of People of Concern by Origin"
2002,2396,"LBY","Number of People of Concern by Origin"
2003,2675,"LBY","Number of People of Concern by Origin"
2004,2579,"LBY","Number of People of Concern by Origin"
2005,2379,"LBY","Number of People of Concern by Origin"
2006,2266,"LBY","Number of People of Concern by Origin"
2007,2827,"LBY","Number of People of Concern by Origin"
2008,2898,"LBY","Number of People of Concern by Origin"
2009,2933,"LBY","Number of People of Concern by Origin"
2010,2912,"LBY","Number of People of Concern by Origin"
2011,576410,"LBY","Number of People of Concern by Origin"
2012,244545,"LBY","Number of People of Concern by Origin"
2000,837184,"LKA","Number of People of Concern by Origin"
2001,860852,"LKA","Number of People of Concern by Origin"
2002,869768,"LKA","Number of People of Concern by Origin"
2003,587801,"LKA","Number of People of Concern by Origin"
2004,503283,"LKA","Number of People of Concern by Origin"
2005,464261,"LKA","Number of People of Concern by Origin"
2006,680265,"LKA","Number of People of Concern by Origin"
2007,759100,"LKA","Number of People of Concern by Origin"
2008,670409,"LKA","Number of People of Concern by Origin"
2009,682787,"LKA","Number of People of Concern by Origin"
2010,584581,"LKA","Number of People of Concern by Origin"
2011,428229,"LKA","Number of People of Concern by Origin"
2012,284776,"LKA","Number of People of Concern by Origin"
2000,5,"LSO","Number of People of Concern by Origin"
2001,9,"LSO","Number of People of Concern by Origin"
2002,9,"LSO","Number of People of Concern by Origin"
2003,10,"LSO","Number of People of Concern by Origin"
2004,13,"LSO","Number of People of Concern by Origin"
2005,13,"LSO","Number of People of Concern by Origin"
2006,14,"LSO","Number of People of Concern by Origin"
2007,20,"LSO","Number of People of Concern by Origin"
2008,25,"LSO","Number of People of Concern by Origin"
2009,14,"LSO","Number of People of Concern by Origin"
2010,16,"LSO","Number of People of Concern by Origin"
2011,175,"LSO","Number of People of Concern by Origin"
2012,284,"LSO","Number of People of Concern by Origin"
2000,70,"MDG","Number of People of Concern by Origin"
2001,51,"MDG","Number of People of Concern by Origin"
2002,85,"MDG","Number of People of Concern by Origin"
2003,121,"MDG","Number of People of Concern by Origin"
2004,153,"MDG","Number of People of Concern by Origin"
2005,222,"MDG","Number of People of Concern by Origin"
2006,285,"MDG","Number of People of Concern by Origin"
2007,289,"MDG","Number of People of Concern by Origin"
2008,294,"MDG","Number of People of Concern by Origin"
2009,306,"MDG","Number of People of Concern by Origin"
2010,293,"MDG","Number of People of Concern by Origin"
2011,308,"MDG","Number of People of Concern by Origin"
2012,305,"MDG","Number of People of Concern by Origin"
2000,561,"MLI","Number of People of Concern by Origin"
2001,686,"MLI","Number of People of Concern by Origin"
2002,848,"MLI","Number of People of Concern by Origin"
2003,855,"MLI","Number of People of Concern by Origin"
2004,746,"MLI","Number of People of Concern by Origin"
2005,873,"MLI","Number of People of Concern by Origin"
2006,1040,"MLI","Number of People of Concern by Origin"
2007,1691,"MLI","Number of People of Concern by Origin"
2008,2508,"MLI","Number of People of Concern by Origin"
2009,3716,"MLI","Number of People of Concern by Origin"
2010,4066,"MLI","Number of People of Concern by Origin"
2011,4692,"MLI","Number of People of Concern by Origin"
2012,379834,"MLI","Number of People of Concern by Origin"
2000,138149,"MMR","Number of People of Concern by Origin"
2001,146988,"MMR","Number of People of Concern by Origin"
2002,150533,"MMR","Number of People of Concern by Origin"
2003,161945,"MMR","Number of People of Concern by Origin"
2004,171519,"MMR","Number of People of Concern by Origin"
2005,205999,"MMR","Number of People of Concern by Origin"
2006,287642,"MMR","Number of People of Concern by Origin"
2007,277572,"MMR","Number of People of Concern by Origin"
2008,274041,"MMR","Number of People of Concern by Origin"
2009,496549,"MMR","Number of People of Concern by Origin"
2010,499955,"MMR","Number of People of Concern by Origin"
2011,777859,"MMR","Number of People of Concern by Origin"
2012,871354,"MMR","Number of People of Concern by Origin"
2000,625,"MNG","Number of People of Concern by Origin"
2001,911,"MNG","Number of People of Concern by Origin"
2002,1318,"MNG","Number of People of Concern by Origin"
2003,1024,"MNG","Number of People of Concern by Origin"
2004,1004,"MNG","Number of People of Concern by Origin"
2005,1296,"MNG","Number of People of Concern by Origin"
2006,2720,"MNG","Number of People of Concern by Origin"
2007,3062,"MNG","Number of People of Concern by Origin"
2008,3403,"MNG","Number of People of Concern by Origin"
2009,3780,"MNG","Number of People of Concern by Origin"
2010,3526,"MNG","Number of People of Concern by Origin"
2011,3403,"MNG","Number of People of Concern by Origin"
2012,2919,"MNG","Number of People of Concern by Origin"
2000,36,"MOZ","Number of People of Concern by Origin"
2001,67,"MOZ","Number of People of Concern by Origin"
2002,178,"MOZ","Number of People of Concern by Origin"
2003,283,"MOZ","Number of People of Concern by Origin"
2004,489,"MOZ","Number of People of Concern by Origin"
2005,515,"MOZ","Number of People of Concern by Origin"
2006,252,"MOZ","Number of People of Concern by Origin"
2007,1220,"MOZ","Number of People of Concern by Origin"
2008,1447,"MOZ","Number of People of Concern by Origin"
2009,161,"MOZ","Number of People of Concern by Origin"
2010,151,"MOZ","Number of People of Concern by Origin"
2011,516,"MOZ","Number of People of Concern by Origin"
2012,1008,"MOZ","Number of People of Concern by Origin"
2000,31540,"MRT","Number of People of Concern by Origin"
2001,32430,"MRT","Number of People of Concern by Origin"
2002,33118,"MRT","Number of People of Concern by Origin"
2003,33416,"MRT","Number of People of Concern by Origin"
2004,33754,"MRT","Number of People of Concern by Origin"
2005,33955,"MRT","Number of People of Concern by Origin"
2006,35257,"MRT","Number of People of Concern by Origin"
2007,34132,"MRT","Number of People of Concern by Origin"
2008,46401,"MRT","Number of People of Concern by Origin"
2009,40097,"MRT","Number of People of Concern by Origin"
2010,38506,"MRT","Number of People of Concern by Origin"
2011,40522,"MRT","Number of People of Concern by Origin"
2012,36757,"MRT","Number of People of Concern by Origin"
2000,40,"MWI","Number of People of Concern by Origin"
2001,52,"MWI","Number of People of Concern by Origin"
2002,199,"MWI","Number of People of Concern by Origin"
2003,1524,"MWI","Number of People of Concern by Origin"
2004,3055,"MWI","Number of People of Concern by Origin"
2005,3999,"MWI","Number of People of Concern by Origin"
2006,218,"MWI","Number of People of Concern by Origin"
2007,8302,"MWI","Number of People of Concern by Origin"
2008,8416,"MWI","Number of People of Concern by Origin"
2009,387,"MWI","Number of People of Concern by Origin"
2010,371,"MWI","Number of People of Concern by Origin"
2011,3117,"MWI","Number of People of Concern by Origin"
2012,4880,"MWI","Number of People of Concern by Origin"
2000,2316,"NAM","Number of People of Concern by Origin"
2001,2456,"NAM","Number of People of Concern by Origin"
2002,2613,"NAM","Number of People of Concern by Origin"
2003,10986,"NAM","Number of People of Concern by Origin"
2004,10377,"NAM","Number of People of Concern by Origin"
2005,4019,"NAM","Number of People of Concern by Origin"
2006,1281,"NAM","Number of People of Concern by Origin"
2007,1162,"NAM","Number of People of Concern by Origin"
2008,1029,"NAM","Number of People of Concern by Origin"
2009,1128,"NAM","Number of People of Concern by Origin"
2010,1457,"NAM","Number of People of Concern by Origin"
2011,2214,"NAM","Number of People of Concern by Origin"
2012,4476,"NAM","Number of People of Concern by Origin"
2000,747,"NER","Number of People of Concern by Origin"
2001,901,"NER","Number of People of Concern by Origin"
2002,1399,"NER","Number of People of Concern by Origin"
2003,1195,"NER","Number of People of Concern by Origin"
2004,1051,"NER","Number of People of Concern by Origin"
2005,1283,"NER","Number of People of Concern by Origin"
2006,1300,"NER","Number of People of Concern by Origin"
2007,1106,"NER","Number of People of Concern by Origin"
2008,1067,"NER","Number of People of Concern by Origin"
2009,1110,"NER","Number of People of Concern by Origin"
2010,1133,"NER","Number of People of Concern by Origin"
2011,1104,"NER","Number of People of Concern by Origin"
2012,1152,"NER","Number of People of Concern by Origin"
2000,9224,"NGA","Number of People of Concern by Origin"
2001,10233,"NGA","Number of People of Concern by Origin"
2002,32507,"NGA","Number of People of Concern by Origin"
2003,39181,"NGA","Number of People of Concern by Origin"
2004,38182,"NGA","Number of People of Concern by Origin"
2005,36457,"NGA","Number of People of Concern by Origin"
2006,22518,"NGA","Number of People of Concern by Origin"
2007,24018,"NGA","Number of People of Concern by Origin"
2008,25005,"NGA","Number of People of Concern by Origin"
2009,25363,"NGA","Number of People of Concern by Origin"
2010,27600,"NGA","Number of People of Concern by Origin"
2011,26943,"NGA","Number of People of Concern by Origin"
2012,32181,"NGA","Number of People of Concern by Origin"
2000,680,"NPL","Number of People of Concern by Origin"
2001,857,"NPL","Number of People of Concern by Origin"
2002,1508,"NPL","Number of People of Concern by Origin"
2003,1958,"NPL","Number of People of Concern by Origin"
2004,2728,"NPL","Number of People of Concern by Origin"
2005,4491,"NPL","Number of People of Concern by Origin"
2006,105078,"NPL","Number of People of Concern by Origin"
2007,105511,"NPL","Number of People of Concern by Origin"
2008,6302,"NPL","Number of People of Concern by Origin"
2009,6926,"NPL","Number of People of Concern by Origin"
2010,7066,"NPL","Number of People of Concern by Origin"
2011,8858,"NPL","Number of People of Concern by Origin"
2012,10079,"NPL","Number of People of Concern by Origin"
2000,94111,"PAK","Number of People of Concern by Origin"
2001,28332,"PAK","Number of People of Concern by Origin"
2002,1604356,"PAK","Number of People of Concern by Origin"
2003,416785,"PAK","Number of People of Concern by Origin"
2004,466225,"PAK","Number of People of Concern by Origin"
2005,507493,"PAK","Number of People of Concern by Origin"
2006,175422,"PAK","Number of People of Concern by Origin"
2007,406135,"PAK","Number of People of Concern by Origin"
2008,468667,"PAK","Number of People of Concern by Origin"
2009,3092131,"PAK","Number of People of Concern by Origin"
2010,2308307,"PAK","Number of People of Concern by Origin"
2011,1172507,"PAK","Number of People of Concern by Origin"
2012,970943,"PAK","Number of People of Concern by Origin"
2000,47344,"PHL","Number of People of Concern by Origin"
2001,47312,"PHL","Number of People of Concern by Origin"
2002,47645,"PHL","Number of People of Concern by Origin"
2003,2253,"PHL","Number of People of Concern by Origin"
2004,1423,"PHL","Number of People of Concern by Origin"
2005,1341,"PHL","Number of People of Concern by Origin"
2006,63001,"PHL","Number of People of Concern by Origin"
2007,63621,"PHL","Number of People of Concern by Origin"
2008,63578,"PHL","Number of People of Concern by Origin"
2009,63113,"PHL","Number of People of Concern by Origin"
2010,221154,"PHL","Number of People of Concern by Origin"
2011,240785,"PHL","Number of People of Concern by Origin"
2012,418689,"PHL","Number of People of Concern by Origin"
2000,0,"PRK","Number of People of Concern by Origin"
2001,0,"PRK","Number of People of Concern by Origin"
2002,0,"PRK","Number of People of Concern by Origin"
2003,0,"PRK","Number of People of Concern by Origin"
2004,0,"PRK","Number of People of Concern by Origin"
2005,0,"PRK","Number of People of Concern by Origin"
2006,0,"PRK","Number of People of Concern by Origin"
2007,0,"PRK","Number of People of Concern by Origin"
2008,0,"PRK","Number of People of Concern by Origin"
2009,0,"PRK","Number of People of Concern by Origin"
2010,0,"PRK","Number of People of Concern by Origin"
2011,0,"PRK","Number of People of Concern by Origin"
2012,0,"PRK","Number of People of Concern by Origin"
2000,150965,"RWA","Number of People of Concern by Origin"
2001,110456,"RWA","Number of People of Concern by Origin"
2002,95406,"RWA","Number of People of Concern by Origin"
2003,85521,"RWA","Number of People of Concern by Origin"
2004,69250,"RWA","Number of People of Concern by Origin"
2005,130993,"RWA","Number of People of Concern by Origin"
2006,102212,"RWA","Number of People of Concern by Origin"
2007,91246,"RWA","Number of People of Concern by Origin"
2008,78690,"RWA","Number of People of Concern by Origin"
2009,136727,"RWA","Number of People of Concern by Origin"
2010,125157,"RWA","Number of People of Concern by Origin"
2011,116055,"RWA","Number of People of Concern by Origin"
2012,107694,"RWA","Number of People of Concern by Origin"
2000,566398,"SDN","Number of People of Concern by Origin"
2001,551919,"SDN","Number of People of Concern by Origin"
2002,542278,"SDN","Number of People of Concern by Origin"
2003,622683,"SDN","Number of People of Concern by Origin"
2004,1414886,"SDN","Number of People of Concern by Origin"
2005,1549067,"SDN","Number of People of Concern by Origin"
2006,2083124,"SDN","Number of People of Concern by Origin"
2007,1877287,"SDN","Number of People of Concern by Origin"
2008,1660003,"SDN","Number of People of Concern by Origin"
2009,1587051,"SDN","Number of People of Concern by Origin"
2010,2178084,"SDN","Number of People of Concern by Origin"
2011,3233066,"SDN","Number of People of Concern by Origin"
2012,2557771,"SDN","Number of People of Concern by Origin"
2000,12354,"SEN","Number of People of Concern by Origin"
2001,9803,"SEN","Number of People of Concern by Origin"
2002,12870,"SEN","Number of People of Concern by Origin"
2003,9200,"SEN","Number of People of Concern by Origin"
2004,9911,"SEN","Number of People of Concern by Origin"
2005,10533,"SEN","Number of People of Concern by Origin"
2006,16424,"SEN","Number of People of Concern by Origin"
2007,16878,"SEN","Number of People of Concern by Origin"
2008,23875,"SEN","Number of People of Concern by Origin"
2009,28953,"SEN","Number of People of Concern by Origin"
2010,19203,"SEN","Number of People of Concern by Origin"
2011,20002,"SEN","Number of People of Concern by Origin"
2012,27549,"SEN","Number of People of Concern by Origin"
2000,909683,"SLE","Number of People of Concern by Origin"
2001,188187,"SLE","Number of People of Concern by Origin"
2002,148947,"SLE","Number of People of Concern by Origin"
2003,77498,"SLE","Number of People of Concern by Origin"
2004,64704,"SLE","Number of People of Concern by Origin"
2005,52629,"SLE","Number of People of Concern by Origin"
2006,81597,"SLE","Number of People of Concern by Origin"
2007,54133,"SLE","Number of People of Concern by Origin"
2008,36300,"SLE","Number of People of Concern by Origin"
2009,23088,"SLE","Number of People of Concern by Origin"
2010,14583,"SLE","Number of People of Concern by Origin"
2011,11064,"SLE","Number of People of Concern by Origin"
2012,11074,"SLE","Number of People of Concern by Origin"
2000,505650,"SOM","Number of People of Concern by Origin"
2001,456323,"SOM","Number of People of Concern by Origin"
2002,446367,"SOM","Number of People of Concern by Origin"
2003,417127,"SOM","Number of People of Concern by Origin"
2004,409825,"SOM","Number of People of Concern by Origin"
2005,826021,"SOM","Number of People of Concern by Origin"
2006,886273,"SOM","Number of People of Concern by Origin"
2007,1471792,"SOM","Number of People of Concern by Origin"
2008,1858898,"SOM","Number of People of Concern by Origin"
2009,2249393,"SOM","Number of People of Concern by Origin"
2010,2256769,"SOM","Number of People of Concern by Origin"
2011,2464777,"SOM","Number of People of Concern by Origin"
2012,2313460,"SOM","Number of People of Concern by Origin"
2000,0,"SSD","Number of People of Concern by Origin"
2001,0,"SSD","Number of People of Concern by Origin"
2002,0,"SSD","Number of People of Concern by Origin"
2003,0,"SSD","Number of People of Concern by Origin"
2004,0,"SSD","Number of People of Concern by Origin"
2005,0,"SSD","Number of People of Concern by Origin"
2006,0,"SSD","Number of People of Concern by Origin"
2007,0,"SSD","Number of People of Concern by Origin"
2008,0,"SSD","Number of People of Concern by Origin"
2009,0,"SSD","Number of People of Concern by Origin"
2010,0,"SSD","Number of People of Concern by Origin"
2011,560168,"SSD","Number of People of Concern by Origin"
2012,451345,"SSD","Number of People of Concern by Origin"
2000,20,"SWZ","Number of People of Concern by Origin"
2001,20,"SWZ","Number of People of Concern by Origin"
2002,24,"SWZ","Number of People of Concern by Origin"
2003,18,"SWZ","Number of People of Concern by Origin"
2004,23,"SWZ","Number of People of Concern by Origin"
2005,18,"SWZ","Number of People of Concern by Origin"
2006,29,"SWZ","Number of People of Concern by Origin"
2007,92,"SWZ","Number of People of Concern by Origin"
2008,132,"SWZ","Number of People of Concern by Origin"
2009,93,"SWZ","Number of People of Concern by Origin"
2010,88,"SWZ","Number of People of Concern by Origin"
2011,176,"SWZ","Number of People of Concern by Origin"
2012,212,"SWZ","Number of People of Concern by Origin"
2000,9614,"SYR","Number of People of Concern by Origin"
2001,8944,"SYR","Number of People of Concern by Origin"
2002,23661,"SYR","Number of People of Concern by Origin"
2003,24434,"SYR","Number of People of Concern by Origin"
2004,25268,"SYR","Number of People of Concern by Origin"
2005,23406,"SYR","Number of People of Concern by Origin"
2006,19852,"SYR","Number of People of Concern by Origin"
2007,65539,"SYR","Number of People of Concern by Origin"
2008,25362,"SYR","Number of People of Concern by Origin"
2009,41701,"SYR","Number of People of Concern by Origin"
2010,28410,"SYR","Number of People of Concern by Origin"
2011,76394,"SYR","Number of People of Concern by Origin"
2012,2835026,"SYR","Number of People of Concern by Origin"
2000,57414,"TCD","Number of People of Concern by Origin"
2001,54269,"TCD","Number of People of Concern by Origin"
2002,49910,"TCD","Number of People of Concern by Origin"
2003,54697,"TCD","Number of People of Concern by Origin"
2004,55225,"TCD","Number of People of Concern by Origin"
2005,51513,"TCD","Number of People of Concern by Origin"
2006,160982,"TCD","Number of People of Concern by Origin"
2007,237376,"TCD","Number of People of Concern by Origin"
2008,284855,"TCD","Number of People of Concern by Origin"
2009,249604,"TCD","Number of People of Concern by Origin"
2010,241424,"TCD","Number of People of Concern by Origin"
2011,214137,"TCD","Number of People of Concern by Origin"
2012,188010,"TCD","Number of People of Concern by Origin"
2000,376,"THA","Number of People of Concern by Origin"
2001,252,"THA","Number of People of Concern by Origin"
2002,598,"THA","Number of People of Concern by Origin"
2003,450,"THA","Number of People of Concern by Origin"
2004,411,"THA","Number of People of Concern by Origin"
2005,642,"THA","Number of People of Concern by Origin"
2006,3536,"THA","Number of People of Concern by Origin"
2007,2689,"THA","Number of People of Concern by Origin"
2008,2234,"THA","Number of People of Concern by Origin"
2009,904,"THA","Number of People of Concern by Origin"
2010,584,"THA","Number of People of Concern by Origin"
2011,550,"THA","Number of People of Concern by Origin"
2012,530,"THA","Number of People of Concern by Origin"
2000,60587,"TJK","Number of People of Concern by Origin"
2001,56511,"TJK","Number of People of Concern by Origin"
2002,75309,"TJK","Number of People of Concern by Origin"
2003,59292,"TJK","Number of People of Concern by Origin"
2004,57000,"TJK","Number of People of Concern by Origin"
2005,54927,"TJK","Number of People of Concern by Origin"
2006,822,"TJK","Number of People of Concern by Origin"
2007,674,"TJK","Number of People of Concern by Origin"
2008,709,"TJK","Number of People of Concern by Origin"
2009,851,"TJK","Number of People of Concern by Origin"
2010,946,"TJK","Number of People of Concern by Origin"
2011,1043,"TJK","Number of People of Concern by Origin"
2012,1085,"TJK","Number of People of Concern by Origin"
2000,1570,"TUN","Number of People of Concern by Origin"
2001,1762,"TUN","Number of People of Concern by Origin"
2002,2975,"TUN","Number of People of Concern by Origin"
2003,2948,"TUN","Number of People of Concern by Origin"
2004,2862,"TUN","Number of People of Concern by Origin"
2005,3494,"TUN","Number of People of Concern by Origin"
2006,3199,"TUN","Number of People of Concern by Origin"
2007,2851,"TUN","Number of People of Concern by Origin"
2008,2719,"TUN","Number of People of Concern by Origin"
2009,2765,"TUN","Number of People of Concern by Origin"
2010,2735,"TUN","Number of People of Concern by Origin"
2011,152503,"TUN","Number of People of Concern by Origin"
2012,5189,"TUN","Number of People of Concern by Origin"
2000,57646,"TUR","Number of People of Concern by Origin"
2001,60451,"TUR","Number of People of Concern by Origin"
2002,206470,"TUR","Number of People of Concern by Origin"
2003,193828,"TUR","Number of People of Concern by Origin"
2004,179972,"TUR","Number of People of Concern by Origin"
2005,181911,"TUR","Number of People of Concern by Origin"
2006,239452,"TUR","Number of People of Concern by Origin"
2007,231124,"TUR","Number of People of Concern by Origin"
2008,223396,"TUR","Number of People of Concern by Origin"
2009,156037,"TUR","Number of People of Concern by Origin"
2010,154308,"TUR","Number of People of Concern by Origin"
2011,146665,"TUR","Number of People of Concern by Origin"
2012,212925,"TUR","Number of People of Concern by Origin"
2000,9853,"TZA","Number of People of Concern by Origin"
2001,33858,"TZA","Number of People of Concern by Origin"
2002,77852,"TZA","Number of People of Concern by Origin"
2003,89043,"TZA","Number of People of Concern by Origin"
2004,94494,"TZA","Number of People of Concern by Origin"
2005,88318,"TZA","Number of People of Concern by Origin"
2006,68402,"TZA","Number of People of Concern by Origin"
2007,72052,"TZA","Number of People of Concern by Origin"
2008,115001,"TZA","Number of People of Concern by Origin"
2009,187031,"TZA","Number of People of Concern by Origin"
2010,164625,"TZA","Number of People of Concern by Origin"
2011,2129,"TZA","Number of People of Concern by Origin"
2012,37128,"TZA","Number of People of Concern by Origin"
2000,33750,"UGA","Number of People of Concern by Origin"
2001,41121,"UGA","Number of People of Concern by Origin"
2002,42493,"UGA","Number of People of Concern by Origin"
2003,38257,"UGA","Number of People of Concern by Origin"
2004,37851,"UGA","Number of People of Concern by Origin"
2005,40174,"UGA","Number of People of Concern by Origin"
2006,1915190,"UGA","Number of People of Concern by Origin"
2007,1916221,"UGA","Number of People of Concern by Origin"
2008,1533524,"UGA","Number of People of Concern by Origin"
2009,924261,"UGA","Number of People of Concern by Origin"
2010,445167,"UGA","Number of People of Concern by Origin"
2011,142811,"UGA","Number of People of Concern by Origin"
2012,34439,"UGA","Number of People of Concern by Origin"
2000,4004,"UZB","Number of People of Concern by Origin"
2001,4117,"UZB","Number of People of Concern by Origin"
2002,8506,"UZB","Number of People of Concern by Origin"
2003,9035,"UZB","Number of People of Concern by Origin"
2004,5458,"UZB","Number of People of Concern by Origin"
2005,9803,"UZB","Number of People of Concern by Origin"
2006,11256,"UZB","Number of People of Concern by Origin"
2007,7496,"UZB","Number of People of Concern by Origin"
2008,8169,"UZB","Number of People of Concern by Origin"
2009,8251,"UZB","Number of People of Concern by Origin"
2010,10455,"UZB","Number of People of Concern by Origin"
2011,14167,"UZB","Number of People of Concern by Origin"
2012,12879,"UZB","Number of People of Concern by Origin"
2000,2,"VUT","Number of People of Concern by Origin"
2001,1,"VUT","Number of People of Concern by Origin"
2002,0,"VUT","Number of People of Concern by Origin"
2003,0,"VUT","Number of People of Concern by Origin"
2004,0,"VUT","Number of People of Concern by Origin"
2005,0,"VUT","Number of People of Concern by Origin"
2006,0,"VUT","Number of People of Concern by Origin"
2007,0,"VUT","Number of People of Concern by Origin"
2008,1,"VUT","Number of People of Concern by Origin"
2009,2,"VUT","Number of People of Concern by Origin"
2010,3,"VUT","Number of People of Concern by Origin"
2011,3,"VUT","Number of People of Concern by Origin"
2012,0,"VUT","Number of People of Concern by Origin"
2000,3379,"YEM","Number of People of Concern by Origin"
2001,3281,"YEM","Number of People of Concern by Origin"
2002,2309,"YEM","Number of People of Concern by Origin"
2003,2090,"YEM","Number of People of Concern by Origin"
2004,1956,"YEM","Number of People of Concern by Origin"
2005,1792,"YEM","Number of People of Concern by Origin"
2006,2287,"YEM","Number of People of Concern by Origin"
2007,79309,"YEM","Number of People of Concern by Origin"
2008,102579,"YEM","Number of People of Concern by Origin"
2009,252922,"YEM","Number of People of Concern by Origin"
2010,318632,"YEM","Number of People of Concern by Origin"
2011,357517,"YEM","Number of People of Concern by Origin"
2012,497000,"YEM","Number of People of Concern by Origin"
2000,300,"ZAF","Number of People of Concern by Origin"
2001,321,"ZAF","Number of People of Concern by Origin"
2002,507,"ZAF","Number of People of Concern by Origin"
2003,631,"ZAF","Number of People of Concern by Origin"
2004,897,"ZAF","Number of People of Concern by Origin"
2005,533,"ZAF","Number of People of Concern by Origin"
2006,749,"ZAF","Number of People of Concern by Origin"
2007,662,"ZAF","Number of People of Concern by Origin"
2008,790,"ZAF","Number of People of Concern by Origin"
2009,597,"ZAF","Number of People of Concern by Origin"
2010,728,"ZAF","Number of People of Concern by Origin"
2011,626,"ZAF","Number of People of Concern by Origin"
2012,619,"ZAF","Number of People of Concern by Origin"
2000,6187,"ZMB","Number of People of Concern by Origin"
2001,1025,"ZMB","Number of People of Concern by Origin"
2002,54562,"ZMB","Number of People of Concern by Origin"
2003,44124,"ZMB","Number of People of Concern by Origin"
2004,47069,"ZMB","Number of People of Concern by Origin"
2005,30465,"ZMB","Number of People of Concern by Origin"
2006,27030,"ZMB","Number of People of Concern by Origin"
2007,11034,"ZMB","Number of People of Concern by Origin"
2008,10813,"ZMB","Number of People of Concern by Origin"
2009,19587,"ZMB","Number of People of Concern by Origin"
2010,9973,"ZMB","Number of People of Concern by Origin"
2011,2857,"ZMB","Number of People of Concern by Origin"
2012,1585,"ZMB","Number of People of Concern by Origin"
2000,318,"ZWE","Number of People of Concern by Origin"
2001,2956,"ZWE","Number of People of Concern by Origin"
2002,5191,"ZWE","Number of People of Concern by Origin"
2003,10633,"ZWE","Number of People of Concern by Origin"
2004,18985,"ZWE","Number of People of Concern by Origin"
2005,28584,"ZWE","Number of People of Concern by Origin"
2006,13996,"ZWE","Number of People of Concern by Origin"
2007,48712,"ZWE","Number of People of Concern by Origin"
2008,51679,"ZWE","Number of People of Concern by Origin"
2009,23863,"ZWE","Number of People of Concern by Origin"
2010,25105,"ZWE","Number of People of Concern by Origin"
2011,115207,"ZWE","Number of People of Concern by Origin"
2012,121710,"ZWE","Number of People of Concern by Origin"
